Mutation,WT,position,Variant,Drug Resistance,PROVEAN score,effect,predicted_probability_of_resistance,Classification,Lineage,Sample ID
Asn4Thr,Asn,4,Thr,Unknown,-0.455,Neutral,0.9992181,,,
Gly6Val,Gly,6,Val,Unknown,-0.257,Neutral,0.73412395,,,
Val7Gly,Val,7,Gly,Unknown,-0.833,Neutral,0.3225692,Unknown,L2,ERR046966
Val7Gly,Val,7,Gly,Unknown,-0.833,Neutral,0.3225692,Unknown,L2,ERR046966
Asp8Glu,Asp,8,Glu,Unknown,-0.314,Neutral,0.9830655,,,
Asp8Tyr,Asp,8,Tyr,Unknown,-1.257,Neutral,0.57859313,,,
Gln9Lys,Gln,9,Lys,Unknown,-0.2,Neutral,0.9941778,,,
Met10Ile,Met,10,Ile,Unknown,-0.643,Neutral,0.058477692000000005,,,
Gly11Ser,Gly,11,Ser,Unknown,0.795,Neutral,0.9583028,,,
Glu13Ala,Glu,13,Ala,Unknown,-1.26,Neutral,0.336702,,,
Glu13Lys,Glu,13,Lys,Unknown,-1.075,Neutral,0.93317753,,,
Pro14Thr,Pro,14,Thr,Unknown,-0.7929999999999999,Neutral,0.973097,,,
Asp15Glu,Asp,15,Glu,Unknown,0.425,Neutral,0.95978564,,,
Glu18Asp,Glu,18,Asp,Unknown,-1.186,Neutral,0.5350791,Unknown,L2,SRR671771
Phe19Leu,Phe,19,Leu,Unknown,-3.438,Deleterious,0.15218523,,,
Gly24Asp,Gly,24,Asp,Unknown,-3.867,Deleterious,0.76393414,Unknown,L4,ERR2653148
Gly25Arg,Gly,25,Arg,Unknown,1.005,Neutral,0.5596643,,,
Gly25Asp,Gly,25,Asp,Unknown,-0.3,Neutral,0.76393414,Resistant,L4,SRR5073910
Tyr26Cys,Tyr,26,Cys,Unknown,-2.79,Deleterious,0.32644337,,,
Tyr26Cys,Tyr,26,Cys,Unknown,-2.79,Deleterious,0.32644337,,,
Phe27Ser,Phe,27,Ser,Unknown,-4.329,Deleterious,0.8366154,,,
Glu28Ala,Glu,28,Ala,Unknown,-2.405,Neutral,0.17362711,Unknown,L4,ERR023260
Ser29Tyr,Ser,29,Tyr,Unknown,-2.388,Neutral,0.84508425,,,
Ser29Tyr,Ser,29,Tyr,Unknown,-2.388,Neutral,0.84508425,,,
Arg30Lys,Arg,30,Lys,Unknown,0.319,Neutral,0.9962476,,,
Leu32Ser,Leu,32,Ser,Unknown,-2.6710000000000003,Deleterious,0.98584855,Unknown,L2,ERR067745
Leu32Ser,Leu,32,Ser,Unknown,-2.6710000000000003,Deleterious,0.98584855,Unknown,L2,ERR117459
Leu32Ser,Leu,32,Ser,Unknown,-2.6710000000000003,Deleterious,0.98584855,Unknown,L2,ERR133970
Leu32Ser,Leu,32,Ser,Unknown,-2.6710000000000003,Deleterious,0.98584855,Unknown,L2,SRR3082095
Leu32Trp,Leu,32,Trp,Unknown,-3.26,Deleterious,0.6384854,,,
Arg34Trp,Arg,34,Trp,Unknown,-5.162000000000001,Deleterious,0.89743197,,,
Ala36Val,Ala,36,Val,INFERRED,-2.3480000000000003,Neutral,0.89821255,,,
Gly37Ser,Gly,37,Ser,Unknown,-5.271,Deleterious,0.93598235,,,
Arg38Leu,Arg,38,Leu,Unknown,-6.433,Deleterious,0.9575120999999999,,,
Gly41Ala,Gly,41,Ala,Unknown,-3.0380000000000003,Deleterious,0.52300376,Unknown,L4,ERR330690
Gly41Ala,Gly,41,Ala,Unknown,-3.0380000000000003,Deleterious,0.52300376,Unknown,L4,ERR550969
Gly41Ala,Gly,41,Ala,Unknown,-3.0380000000000003,Deleterious,0.52300376,Unknown,L4,SRR2101128
Gly41Cys,Gly,41,Cys,Unknown,-6.19,Deleterious,0.9018686,,,
Leu43Arg,Leu,43,Arg,Unknown,-5.971,Deleterious,0.91312367,,,
Asp47Tyr,Asp,47,Tyr,Unknown,-6.152,Deleterious,0.46675247,,,
Pro48His,Pro,48,His,Unknown,-6.957000000000002,Deleterious,0.96848685,,,
Pro48Leu,Pro,48,Leu,Unknown,-8.086,Deleterious,0.95695466,Unknown,L4,TAN-372
Pro48Leu,Pro,48,Leu,Unknown,-8.086,Deleterious,0.95695466,Unknown,L4,TAN-589
Pro48Leu,Pro,48,Leu,Unknown,-8.086,Deleterious,0.95695466,Unknown,L4,TAN-372
Pro48Leu,Pro,48,Leu,Unknown,-8.086,Deleterious,0.95695466,Unknown,L4,TAN-589
Glu49Asp,Glu,49,Asp,Unknown,-0.452,Neutral,0.6804935000000001,,,
Arg50Gln,Arg,50,Gln,Unknown,1.386,Neutral,0.9972218,,,
Glu54Gln,Glu,54,Gln,Unknown,-0.152,Neutral,0.6929404,,,
Leu56Met,Leu,56,Met,Unknown,-1.368,Neutral,0.88418746,,,
Ala57Ser,Ala,57,Ser,Unknown,-1.459,Neutral,0.95552987,,,
Ala59Gly,Ala,59,Gly,INFERRED,-2.925,Deleterious,0.50032675,,,
Ala59Ser,Ala,59,Ser,INFERRED,-1.497,Neutral,0.95552987,,,
Ala61Gly,Ala,61,Gly,Unknown,1.269,Neutral,0.50032675,,,
Ala61Ser,Ala,61,Ser,Unknown,0.7140000000000001,Neutral,0.95552987,,,
Ala61Thr,Ala,61,Thr,Unknown,-0.6809999999999999,Neutral,0.96879834,,,
Ala61Val,Ala,61,Val,Unknown,-2.231,Neutral,0.8546423000000001,,,
Ser64Arg,Ser,64,Arg,Unknown,2.09,Neutral,0.91688174,,,
Thr69Ala,Thr,69,Ala,Unknown,-3.026,Deleterious,0.9614219,,,
Thr69Ala,Thr,69,Ala,Unknown,-3.026,Deleterious,0.9614219,,,
Asn70His,Asn,70,His,Unknown,-1.948,Neutral,0.98488486,,,
Asn70Ile,Asn,70,Ile,Unknown,-2.114,Neutral,0.94528484,Unknown,L4,ERR2653055
Ala71Val,Ala,71,Val,Unknown,0.952,Neutral,0.7095548,,,
Met73Ile,Met,73,Ile,Unknown,-0.648,Neutral,0.012948886000000001,,,
Ile75Asn,Ile,75,Asn,Unknown,-1.5659999999999998,Neutral,0.9154503,,,
Ile75Thr,Ile,75,Thr,Unknown,0.621,Neutral,0.91751105,,,
Ile75Val,Ile,75,Val,Unknown,0.355,Neutral,0.18669786,,,
Gln76Glu,Gln,76,Glu,Unknown,-0.7020000000000001,Neutral,0.9833400999999999,,,
Gln76Lys,Gln,76,Lys,Unknown,-0.8140000000000001,Neutral,0.9753364999999999,,,
Glu81Lys,Glu,81,Lys,Unknown,-1.981,Neutral,0.8309358,,,
Leu83Ile,Leu,83,Ile,Unknown,0.443,Neutral,0.1441194,,,
Leu83Phe,Leu,83,Phe,Unknown,-1.248,Neutral,0.5019576,,,
Ala84Glu,Ala,84,Glu,Unknown,-0.805,Neutral,0.83530533,Resistant,L4,ERR987732
Ala84Ser,Ala,84,Ser,Unknown,0.014,Neutral,0.70931655,,,
Ala84Val,Ala,84,Val,Unknown,-1.69,Neutral,0.45280942,Unknown,L4,SRR2101766
Ala84Val,Ala,84,Val,Unknown,-1.69,Neutral,0.45280942,Unknown,L2,SRR671795
Gly87Glu,Gly,87,Glu,Unknown,-6.028,Deleterious,0.49168903,,,
Thr91Ala,Thr,91,Ala,Unknown,-0.5760000000000001,Neutral,0.8256287,,,
Thr91Ile,Thr,91,Ile,Unknown,-1.648,Neutral,0.48762274,,,
Thr91Pro,Thr,91,Pro,Unknown,-1.267,Neutral,0.97494817,Unknown,L4,ERR1034871
Thr91Pro,Thr,91,Pro,Unknown,-1.267,Neutral,0.97494817,Unknown,L4,ERR1034884
Thr91Ala,Thr,91,Ala,Unknown,-0.5760000000000001,Neutral,0.8256287,,,
Thr91Ile,Thr,91,Ile,Unknown,-1.648,Neutral,0.48762274,,,
Thr91Pro,Thr,91,Pro,Unknown,-1.267,Neutral,0.97494817,Unknown,L4,ERR1034871
Thr91Pro,Thr,91,Pro,Unknown,-1.267,Neutral,0.97494817,Unknown,L4,ERR1034884
Tyr92Asn,Tyr,92,Asn,Unknown,-5.529,Deleterious,0.2611502,,,
Tyr92Cys,Tyr,92,Cys,Unknown,-5.9860000000000015,Deleterious,0.11354289,Unknown,L4,SRR1140932
Tyr92Asn,Tyr,92,Asn,Unknown,-5.529,Deleterious,0.2611502,,,
Tyr92Cys,Tyr,92,Cys,Unknown,-5.9860000000000015,Deleterious,0.11354289,Unknown,L4,SRR1140932
Arg96Gly,Arg,96,Gly,Unknown,-2.633,Deleterious,0.6135970000000001,Unknown,L4,06_L00103
Arg96Gly,Arg,96,Gly,Unknown,-2.633,Deleterious,0.6135970000000001,Unknown,L4,07_L00102
Arg96Gly,Arg,96,Gly,Unknown,-2.633,Deleterious,0.6135970000000001,Unknown,L4,ERR2513480
Arg96Gly,Arg,96,Gly,Unknown,-2.633,Deleterious,0.6135970000000001,Unknown,L4,SRR6046818
Arg96Gly,Arg,96,Gly,Unknown,-2.633,Deleterious,0.6135970000000001,Unknown,L4,SRR6480455
Pro97Leu,Pro,97,Leu,Unknown,-5.617000000000001,Deleterious,0.5467112,Unknown,L4,ERR551193
Pro97Leu,Pro,97,Leu,Unknown,-5.617000000000001,Deleterious,0.5467112,Unknown,L4,ERR551193
Ala99Asp,Ala,99,Asp,Unknown,-2.611,Deleterious,0.37842736,,,
Phe100Leu,Phe,100,Leu,Unknown,-2.9,Deleterious,0.011445697,,,
Ala102Ser,Ala,102,Ser,Unknown,0.16699999999999998,Neutral,0.69911987,,,
Gly103Ser,Gly,103,Ser,Unknown,1.217,Neutral,0.59298587,,,
Arg105Cys,Arg,105,Cys,Unknown,-3.917,Deleterious,0.8364162,,,
Arg105His,Arg,105,His,Unknown,-2.444,Neutral,0.48050785,,,
Arg105Gly,Arg,105,Gly,Unknown,-3.3110000000000004,Deleterious,0.59718597,Unknown,L2,SRR1166087
Arg107Cys,Arg,107,Cys,Unknown,-4.3,Deleterious,0.85833865,,,
Arg107Gly,Arg,107,Gly,Unknown,-3.289,Deleterious,0.6372648,Unknown,L4,ERR1035326
Ile108Leu,Ile,108,Leu,Unknown,0.605,Neutral,0.13676758,,,
Ile108Val,Ile,108,Val,Unknown,-0.3670000000000001,Neutral,0.13357455,,,
Ala110Glu,Ala,110,Glu,Unknown,-1.156,Neutral,0.91786593,,,
Ala110Ser,Ala,110,Ser,Unknown,0.099,Neutral,0.73358136,,,
Ala110Val,Ala,110,Val,Unknown,-0.39,Neutral,0.5330364000000001,,,
Met111Leu,Met,111,Leu,Unknown,0.5,Neutral,0.018644381,,,
Met111Thr,Met,111,Thr,Unknown,-2.25,Neutral,0.5520009,,,
Leu114Pro,Leu,114,Pro,Unknown,-3.344,Deleterious,0.92843777,,,
Gln115Arg,Gln,115,Arg,Unknown,0.933,Neutral,0.6648970000000001,,,
Gln115Lys,Gln,115,Lys,Unknown,0.15,Neutral,0.94418883,,,
Asp116Ala,Asp,116,Ala,Unknown,-1.152,Neutral,0.14600223,,,
Asp119Val,Asp,119,Val,Unknown,-3.4,Deleterious,0.17997308,,,
Val120Met,Val,120,Met,Unknown,0.769,Neutral,0.43263614,Unknown,L4,ERR228026
Val120Met,Val,120,Met,Unknown,0.769,Neutral,0.43263614,Unknown,L4,ERR228026
Leu125Arg,Leu,125,Arg,Unknown,-3.522,Deleterious,0.76115143,Unknown,L2,ERR133970
Gly126Asp,Gly,126,Asp,Unknown,-0.387,Neutral,0.7335099,,,
Asp127Ala,Asp,127,Ala,Unknown,-3.346,Deleterious,0.38568214,,,
Asp127Val,Asp,127,Val,Unknown,-3.842,Deleterious,0.16648193,Unknown,L4,ERR2652986
Ala128Pro,Ala,128,Pro,Unknown,0.733,Neutral,0.98441124,,,
Ala128Ser,Ala,128,Ser,Unknown,0.3670000000000001,Neutral,0.90264326,,,
Pro129Gln,Pro,129,Gln,Unknown,-0.5670000000000001,Neutral,0.9511025,,,
Pro129Ser,Pro,129,Ser,Unknown,-0.117,Neutral,0.8755106,Unknown,L4,ERR1465918
Pro129Thr,Pro,129,Thr,Unknown,-0.25,Neutral,0.8960149,,,
Pro130Arg,Pro,130,Arg,Unknown,-2.267,Neutral,0.44655913,,,
Pro130Gln,Pro,130,Gln,Unknown,-1.833,Neutral,0.9511025,,,
Gln131Arg,Gln,131,Arg,Unknown,-1.142,Neutral,0.7925182,,,
Gln131His,Gln,131,His,Unknown,-1.305,Neutral,0.8408469000000001,,,
Gln131Pro,Gln,131,Pro,Unknown,-1.238,Neutral,0.99404186,,,
Ser133Arg,Ser,133,Arg,Unknown,0.963,Neutral,0.3026087,,,
Ser133Arg,Ser,133,Arg,Unknown,0.963,Neutral,0.3026087,,,
Arg134Gln,Arg,134,Gln,Unknown,0.067,Neutral,0.9817364,,,
Arg137Gly,Arg,137,Gly,Unknown,-3.119,Deleterious,0.7965238,,,
Arg137Leu,Arg,137,Leu,Unknown,-2.779,Deleterious,0.8080397,,,
Arg137Pro,Arg,137,Pro,Unknown,-3.325,Deleterious,0.9901163000000001,Resistant,L2,SRR6397471
Arg140Leu,Arg,140,Leu,Unknown,-3.967,Deleterious,0.8080397,,,
Arg140Trp,Arg,140,Trp,Unknown,-4.7,Deleterious,0.37825778,,,
Asp141His,Asp,141,His,Unknown,-4.533,Deleterious,0.16325186,Unknown,L2,SRR671784
Asn148His,Asn,148,His,Unknown,-0.7290000000000001,Neutral,0.9234667999999999,,,
Asn148Lys,Asn,148,Lys,Unknown,0.46,Neutral,0.9798273000000001,,,
Asn148Tyr,Asn,148,Tyr,Unknown,-1.6980000000000002,Neutral,0.8905202,,,
Val149Ile,Val,149,Ile,Unknown,-0.7390000000000001,Neutral,0.02449454,,,
Val149Ile,Val,149,Ile,Unknown,-0.7390000000000001,Neutral,0.02449454,,,
Asp152Glu,Asp,152,Glu,Unknown,0.679,Neutral,0.87962765,,,
Asp152Val,Asp,152,Val,Unknown,-0.861,Neutral,0.11141575,,,
Leu154Arg,Leu,154,Arg,INFERRED,-3.111,Deleterious,0.6667251999999999,,,
Gly155Trp,Gly,155,Trp,Unknown,0.3670000000000001,Neutral,0.2134424,,,
Arg156Leu,Arg,156,Leu,Unknown,-4.128,Deleterious,0.8080397,,,
Arg160Leu,Arg,160,Leu,Unknown,-2.57,Deleterious,0.8080397,,,
Thr161Ile,Thr,161,Ile,Unknown,-1.712,Neutral,0.43217543,,,
Thr161Pro,Thr,161,Pro,Unknown,-0.8320000000000001,Neutral,0.9550761999999999,,,
Thr161Ile,Thr,161,Ile,Unknown,-1.712,Neutral,0.43217543,,,
Thr161Pro,Thr,161,Pro,Unknown,-0.8320000000000001,Neutral,0.9550761999999999,,,
Gly162Glu,Gly,162,Glu,Unknown,0.604,Neutral,0.8899792,,,
