WT,Variant,Drug Resistance,PROVEAN score,effect,position,Predicted probability of resistance
Asn,Thr,Unknown,-0.455,Neutral,4,0.999218106269836
Gly,Val,Unknown,-0.257,Neutral,6,0.734123945236206
Val,Gly,Unknown,-0.833,Neutral,7,0.322569191455841
Val,Gly,Unknown,-0.833,Neutral,7,0.322569191455841
Asp,Glu,Unknown,-0.314,Neutral,8,0.983065485954285
Asp,Tyr,Unknown,-1.257,Neutral,8,0.578593134880066
Gln,Lys,Unknown,-0.2,Neutral,9,0.99417781829834
Met,Ile,Unknown,-0.643,Neutral,10,0.058477692306042
Gly,Ser,Unknown,0.795,Neutral,11,0.958302795886993
Glu,Ala,Unknown,-1.26,Neutral,13,0.336701989173889
Glu,Lys,Unknown,-1.075,Neutral,13,0.933177530765533
Pro,Thr,Unknown,-0.793,Neutral,14,0.973097026348114
Asp,Glu,Unknown,0.425,Neutral,15,0.959785640239716
Glu,Asp,Unknown,-1.186,Neutral,18,0.535079121589661
Phe,Leu,Unknown,-3.438,Deleterious,19,0.15218523144722
Gly,Asp,Unknown,-3.867,Deleterious,24,0.763934135437012
Gly,Arg,Unknown,1.005,Neutral,25,0.559664309024811
Gly,Asp,Unknown,-0.3,Neutral,25,0.763934135437012
Tyr,Cys,Unknown,-2.79,Deleterious,26,0.326443374156952
Tyr,Cys,Unknown,-2.79,Deleterious,26,0.326443374156952
Phe,Ser,Unknown,-4.329,Deleterious,27,0.836615383625031
Glu,Ala,Unknown,-2.405,Neutral,28,0.173627108335495
Ser,Tyr,Unknown,-2.388,Neutral,29,0.845084249973297
Ser,Tyr,Unknown,-2.388,Neutral,29,0.845084249973297
Arg,Lys,Unknown,0.319,Neutral,30,0.996247589588165
Leu,Ser,Unknown,-2.671,Deleterious,32,0.985848546028137
Leu,Trp,Unknown,-3.26,Deleterious,32,0.638485372066498
Arg,Trp,Unknown,-5.162,Deleterious,34,0.897431969642639
Ala,Val,INFERRED,-2.348,Neutral,36,0.898212552070618
Gly,Ser,Unknown,-5.271,Deleterious,37,0.935982346534729
Arg,Leu,Unknown,-6.433,Deleterious,38,0.957512080669403
Gly,Ala,Unknown,-3.038,Deleterious,41,0.52300375699997
Gly,Cys,Unknown,-6.19,Deleterious,41,0.901868581771851
Leu,Arg,Unknown,-5.971,Deleterious,43,0.913123667240143
Asp,Tyr,Unknown,-6.152,Deleterious,47,0.466752469539642
Pro,His,Unknown,-6.957,Deleterious,48,0.968486845493317
Pro,Leu,Unknown,-8.086,Deleterious,48,0.956954658031464
Pro,Leu,Unknown,-8.086,Deleterious,48,0.956954658031464
Glu,Asp,Unknown,-0.452,Neutral,49,0.680493474006653
Arg,Gln,Unknown,1.386,Neutral,50,0.997221827507019
Glu,Gln,Unknown,-0.152,Neutral,54,0.692940413951874
Leu,Met,Unknown,-1.368,Neutral,56,0.884187459945679
Ala,Ser,Unknown,-1.459,Neutral,57,0.955529868602753
Ala,Gly,INFERRED,-2.925,Deleterious,59,0.500326752662659
Ala,Ser,INFERRED,-1.497,Neutral,59,0.955529868602753
Ala,Gly,Unknown,1.269,Neutral,61,0.500326752662659
Ala,Ser,Unknown,0.714,Neutral,61,0.955529868602753
Ala,Thr,Unknown,-0.681,Neutral,61,0.968798339366913
Ala,Val,Unknown,-2.231,Neutral,61,0.854642271995544
Ser,Arg,Unknown,2.09,Neutral,64,0.916881740093231
Thr,Ala,Unknown,-3.026,Deleterious,69,0.96142190694809
Thr,Ala,Unknown,-3.026,Deleterious,69,0.96142190694809
Asn,His,Unknown,-1.948,Neutral,70,0.984884858131409
Asn,Ile,Unknown,-2.114,Neutral,70,0.945284843444824
Ala,Val,Unknown,0.952,Neutral,71,0.709554791450501
Met,Ile,Unknown,-0.648,Neutral,73,0.012948885560036
Ile,Asn,Unknown,-1.566,Neutral,75,0.915450274944305
Ile,Thr,Unknown,0.621,Neutral,75,0.91751104593277
Ile,Val,Unknown,0.355,Neutral,75,0.186697855591774
Gln,Glu,Unknown,-0.702,Neutral,76,0.983340084552765
Gln,Lys,Unknown,-0.814,Neutral,76,0.975336492061615
Glu,Lys,Unknown,-1.981,Neutral,81,0.830935776233673
Leu,Ile,Unknown,0.443,Neutral,83,0.144119396805763
Leu,Phe,Unknown,-1.248,Neutral,83,0.501957595348358
Ala,Glu,Unknown,-0.805,Neutral,84,0.835305333137512
Ala,Ser,Unknown,0.014,Neutral,84,0.709316551685333
Ala,Val,Unknown,-1.69,Neutral,84,0.452809423208237
Gly,Glu,Unknown,-6.028,Deleterious,87,0.491689026355743
Thr,Ala,Unknown,-0.576,Neutral,91,0.825628697872162
Thr,Ile,Unknown,-1.648,Neutral,91,0.487622737884522
Thr,Pro,Unknown,-1.267,Neutral,91,0.974948167800903
Thr,Ala,Unknown,-0.576,Neutral,91,0.825628697872162
Thr,Ile,Unknown,-1.648,Neutral,91,0.487622737884522
Thr,Pro,Unknown,-1.267,Neutral,91,0.974948167800903
Tyr,Asn,Unknown,-5.529,Deleterious,92,0.26115021109581
Tyr,Cys,Unknown,-5.986,Deleterious,92,0.113542892038822
Tyr,Asn,Unknown,-5.529,Deleterious,92,0.26115021109581
Tyr,Cys,Unknown,-5.986,Deleterious,92,0.113542892038822
Arg,Gly,Unknown,-2.633,Deleterious,96,0.613596975803375
Arg,Trp,Unknown,-4.089,Deleterious,96,0.355745196342468
Pro,Leu,Unknown,-5.617,Deleterious,97,0.546711206436157
Pro,Leu,Unknown,-5.617,Deleterious,97,0.546711206436157
Ala,Asp,Unknown,-2.611,Deleterious,99,0.378427356481552
Phe,Leu,Unknown,-2.9,Deleterious,100,0.011445697396994
Ala,Ser,Unknown,0.167,Neutral,102,0.699119865894318
Gly,Ser,Unknown,1.217,Neutral,103,0.59298586845398
Arg,Cys,Unknown,-3.917,Deleterious,105,0.836416184902191
Arg,His,Unknown,-2.444,Neutral,105,0.480507850646973
Arg,Gly,Unknown,-3.311,Deleterious,105,0.597185969352722
Arg,Cys,Unknown,-4.3,Deleterious,107,0.85833865404129
Arg,Gly,Unknown,-3.289,Deleterious,107,0.637264788150787
Ile,Leu,Unknown,0.605,Neutral,108,0.136767581105232
Ile,Val,Unknown,-0.367,Neutral,108,0.133574545383453
Ala,Glu,Unknown,-1.156,Neutral,110,0.917865931987762
Ala,Ser,Unknown,0.099,Neutral,110,0.733581364154816
Ala,Val,Unknown,-0.39,Neutral,110,0.533036410808563
Met,Leu,Unknown,0.5,Neutral,111,0.018644381314516
Met,Thr,Unknown,-2.25,Neutral,111,0.552000880241394
Leu,Pro,Unknown,-3.344,Deleterious,114,0.928437769412994
Gln,Arg,Unknown,0.933,Neutral,115,0.6648970246315
Gln,Lys,Unknown,0.15,Neutral,115,0.944188833236694
Asp,Ala,Unknown,-1.152,Neutral,116,0.146002233028412
Asp,Val,Unknown,-3.4,Deleterious,119,0.17997308075428
Val,Met,Unknown,0.769,Neutral,120,0.432636141777039
Val,Met,Unknown,0.769,Neutral,120,0.432636141777039
Leu,Arg,Unknown,-3.522,Deleterious,125,0.761151432991028
Gly,Asp,Unknown,-0.387,Neutral,126,0.73350989818573
Asp,Ala,Unknown,-3.346,Deleterious,127,0.385682135820389
Asp,Val,Unknown,-3.842,Deleterious,127,0.166481927037239
Ala,Pro,Unknown,0.733,Neutral,128,0.984411239624023
Ala,Ser,Unknown,0.367,Neutral,128,0.902643263339996
Pro,Gln,Unknown,-0.567,Neutral,129,0.951102495193481
Pro,Ser,Unknown,-0.117,Neutral,129,0.875510573387146
Pro,Thr,Unknown,-0.25,Neutral,129,0.896014928817749
Pro,Arg,Unknown,-2.267,Neutral,130,0.446559131145477
Pro,Gln,Unknown,-1.833,Neutral,130,0.951102495193481
Gln,Arg,Unknown,-1.142,Neutral,131,0.792518198490143
Gln,His,Unknown,-1.305,Neutral,131,0.84084689617157
Gln,Pro,Unknown,-1.238,Neutral,131,0.994041860103607
Ser,Arg,Unknown,0.963,Neutral,133,0.302608698606491
Ser,Arg,Unknown,0.963,Neutral,133,0.302608698606491
Arg,Gln,Unknown,0.067,Neutral,134,0.981736421585083
Arg,Gly,Unknown,-3.119,Deleterious,137,0.796523809432983
Arg,Leu,Unknown,-2.779,Deleterious,137,0.808039724826813
Arg,Pro,Unknown,-3.325,Deleterious,137,0.9901162981987
Arg,Leu,Unknown,-3.967,Deleterious,140,0.808039724826813
Arg,Trp,Unknown,-4.7,Deleterious,140,0.378257781267166
Asp,His,Unknown,-4.533,Deleterious,141,0.163251861929894
Asn,His,Unknown,-0.729,Neutral,148,0.923466801643372
Asn,Lys,Unknown,0.46,Neutral,148,0.979827284812927
Asn,Tyr,Unknown,-1.698,Neutral,148,0.890520215034485
Val,Ile,Unknown,-0.739,Neutral,149,0.024494539946318
Val,Ile,Unknown,-0.739,Neutral,149,0.024494539946318
Asp,Glu,Unknown,0.679,Neutral,152,0.879627645015717
Asp,Val,Unknown,-0.861,Neutral,152,0.1114157512784
Leu,Arg,INFERRED,-3.111,Deleterious,154,0.666725218296051
Gly,Trp,Unknown,0.367,Neutral,155,0.213442400097847
Arg,Leu,Unknown,-4.128,Deleterious,156,0.808039724826813
Arg,Leu,Unknown,-2.57,Deleterious,160,0.808039724826813
Thr,Ile,Unknown,-1.712,Neutral,161,0.432175427675247
Thr,Pro,Unknown,-0.832,Neutral,161,0.955076217651367
Thr,Ile,Unknown,-1.712,Neutral,161,0.432175427675247
Thr,Pro,Unknown,-0.832,Neutral,161,0.955076217651367
Gly,Glu,Unknown,0.604,Neutral,162,0.889979183673859
