Mutation,WT,position,Variant,Drug Resistance,PROVEAN score,effect,Predicted probability of resistance,Classification,Lineage,Sample ID
Asn4Thr,Asn,4,Thr,Unknown,-0.455,Neutral,0.999218106269836,,,
Gly6Val,Gly,6,Val,Unknown,-0.257,Neutral,0.7341239452362059,,,
Val7Gly,Val,7,Gly,Unknown,-0.833,Neutral,0.322569191455841,Unknown,L2,ERR046966
Val7Gly,Val,7,Gly,Unknown,-0.833,Neutral,0.322569191455841,Unknown,L2,ERR046966
Asp8Glu,Asp,8,Glu,Unknown,-0.314,Neutral,0.983065485954285,,,
Asp8Tyr,Asp,8,Tyr,Unknown,-1.2570000000000001,Neutral,0.578593134880066,,,
Gln9Lys,Gln,9,Lys,Unknown,-0.2,Neutral,0.99417781829834,,,
Met10Ile,Met,10,Ile,Unknown,-0.643,Neutral,0.058477692306041995,,,
Gly11Ser,Gly,11,Ser,Unknown,0.795,Neutral,0.958302795886993,,,
Glu13Ala,Glu,13,Ala,Unknown,-1.26,Neutral,0.336701989173889,,,
Glu13Lys,Glu,13,Lys,Unknown,-1.075,Neutral,0.933177530765533,,,
Pro14Thr,Pro,14,Thr,Unknown,-0.7929999999999999,Neutral,0.973097026348114,,,
Asp15Glu,Asp,15,Glu,Unknown,0.425,Neutral,0.9597856402397159,,,
Glu18Asp,Glu,18,Asp,Unknown,-1.186,Neutral,0.535079121589661,Unknown,L2,SRR671771
Phe19Leu,Phe,19,Leu,Unknown,-3.438,Deleterious,0.15218523144722,,,
Gly24Asp,Gly,24,Asp,Unknown,-3.867,Deleterious,0.763934135437012,Unknown,L4,ERR2653148
Gly25Arg,Gly,25,Arg,Unknown,1.005,Neutral,0.559664309024811,,,
Gly25Asp,Gly,25,Asp,Unknown,-0.3,Neutral,0.763934135437012,Resistant,L4,SRR5073910
Tyr26Cys,Tyr,26,Cys,Unknown,-2.79,Deleterious,0.32644337415695196,,,
Tyr26Cys,Tyr,26,Cys,Unknown,-2.79,Deleterious,0.32644337415695196,,,
Phe27Ser,Phe,27,Ser,Unknown,-4.329,Deleterious,0.8366153836250309,,,
Glu28Ala,Glu,28,Ala,Unknown,-2.405,Neutral,0.173627108335495,Unknown,L4,ERR023260
Ser29Tyr,Ser,29,Tyr,Unknown,-2.388,Neutral,0.845084249973297,,,
Ser29Tyr,Ser,29,Tyr,Unknown,-2.388,Neutral,0.845084249973297,,,
Arg30Lys,Arg,30,Lys,Unknown,0.319,Neutral,0.996247589588165,,,
Leu32Ser,Leu,32,Ser,Unknown,-2.6710000000000003,Deleterious,0.9858485460281371,Unknown,L2,ERR067745
Leu32Ser,Leu,32,Ser,Unknown,-2.6710000000000003,Deleterious,0.9858485460281371,Unknown,L2,ERR117459
Leu32Ser,Leu,32,Ser,Unknown,-2.6710000000000003,Deleterious,0.9858485460281371,Unknown,L2,ERR133970
Leu32Ser,Leu,32,Ser,Unknown,-2.6710000000000003,Deleterious,0.9858485460281371,Unknown,L2,SRR3082095
Leu32Trp,Leu,32,Trp,Unknown,-3.26,Deleterious,0.6384853720664979,,,
Arg34Trp,Arg,34,Trp,Unknown,-5.162000000000001,Deleterious,0.897431969642639,,,
Ala36Val,Ala,36,Val,INFERRED,-2.3480000000000003,Neutral,0.898212552070618,,,
Gly37Ser,Gly,37,Ser,Unknown,-5.271,Deleterious,0.935982346534729,,,
Arg38Leu,Arg,38,Leu,Unknown,-6.433,Deleterious,0.957512080669403,,,
Gly41Ala,Gly,41,Ala,Unknown,-3.0380000000000003,Deleterious,0.52300375699997,Unknown,L4,ERR330690
Gly41Ala,Gly,41,Ala,Unknown,-3.0380000000000003,Deleterious,0.52300375699997,Unknown,L4,ERR550969
Gly41Ala,Gly,41,Ala,Unknown,-3.0380000000000003,Deleterious,0.52300375699997,Unknown,L4,SRR2101128
Gly41Cys,Gly,41,Cys,Unknown,-6.19,Deleterious,0.9018685817718509,,,
Leu43Arg,Leu,43,Arg,Unknown,-5.971,Deleterious,0.9131236672401429,,,
Asp47Tyr,Asp,47,Tyr,Unknown,-6.152,Deleterious,0.46675246953964206,,,
Pro48His,Pro,48,His,Unknown,-6.957000000000001,Deleterious,0.968486845493317,,,
Pro48Leu,Pro,48,Leu,Unknown,-8.086,Deleterious,0.9569546580314641,Unknown,L4,TAN-372
Pro48Leu,Pro,48,Leu,Unknown,-8.086,Deleterious,0.9569546580314641,Unknown,L4,TAN-589
Pro48Leu,Pro,48,Leu,Unknown,-8.086,Deleterious,0.9569546580314641,Unknown,L4,TAN-372
Pro48Leu,Pro,48,Leu,Unknown,-8.086,Deleterious,0.9569546580314641,Unknown,L4,TAN-589
Glu49Asp,Glu,49,Asp,Unknown,-0.452,Neutral,0.6804934740066529,,,
Arg50Gln,Arg,50,Gln,Unknown,1.386,Neutral,0.997221827507019,,,
Glu54Gln,Glu,54,Gln,Unknown,-0.152,Neutral,0.6929404139518741,,,
Leu56Met,Leu,56,Met,Unknown,-1.368,Neutral,0.884187459945679,,,
Ala57Ser,Ala,57,Ser,Unknown,-1.459,Neutral,0.955529868602753,,,
Ala59Gly,Ala,59,Gly,INFERRED,-2.925,Deleterious,0.500326752662659,,,
Ala59Ser,Ala,59,Ser,INFERRED,-1.4969999999999999,Neutral,0.955529868602753,,,
Ala61Gly,Ala,61,Gly,Unknown,1.2690000000000001,Neutral,0.500326752662659,,,
Ala61Ser,Ala,61,Ser,Unknown,0.7140000000000001,Neutral,0.955529868602753,,,
Ala61Thr,Ala,61,Thr,Unknown,-0.6809999999999999,Neutral,0.968798339366913,,,
Ala61Val,Ala,61,Val,Unknown,-2.231,Neutral,0.8546422719955441,,,
Ser64Arg,Ser,64,Arg,Unknown,2.09,Neutral,0.9168817400932309,,,
Thr69Ala,Thr,69,Ala,Unknown,-3.0260000000000002,Deleterious,0.9614219069480899,,,
Thr69Ala,Thr,69,Ala,Unknown,-3.0260000000000002,Deleterious,0.9614219069480899,,,
Asn70His,Asn,70,His,Unknown,-1.9480000000000002,Neutral,0.984884858131409,,,
Asn70Ile,Asn,70,Ile,Unknown,-2.114,Neutral,0.9452848434448241,Unknown,L4,ERR2653055
Ala71Val,Ala,71,Val,Unknown,0.9520000000000001,Neutral,0.7095547914505009,,,
Met73Ile,Met,73,Ile,Unknown,-0.648,Neutral,0.012948885560036,,,
Ile75Asn,Ile,75,Asn,Unknown,-1.5659999999999998,Neutral,0.9154502749443051,,,
Ile75Thr,Ile,75,Thr,Unknown,0.621,Neutral,0.9175110459327701,,,
Ile75Val,Ile,75,Val,Unknown,0.355,Neutral,0.186697855591774,,,
Gln76Glu,Gln,76,Glu,Unknown,-0.7020000000000001,Neutral,0.983340084552765,,,
Gln76Lys,Gln,76,Lys,Unknown,-0.8140000000000001,Neutral,0.975336492061615,,,
Glu81Lys,Glu,81,Lys,Unknown,-1.9809999999999999,Neutral,0.830935776233673,,,
Leu83Ile,Leu,83,Ile,Unknown,0.44299999999999995,Neutral,0.144119396805763,,,
Leu83Phe,Leu,83,Phe,Unknown,-1.248,Neutral,0.501957595348358,,,
Ala84Glu,Ala,84,Glu,Unknown,-0.805,Neutral,0.8353053331375121,Resistant,L4,ERR987732
Ala84Ser,Ala,84,Ser,Unknown,0.013999999999999999,Neutral,0.7093165516853329,,,
Ala84Val,Ala,84,Val,Unknown,-1.69,Neutral,0.4528094232082371,Unknown,L4,SRR2101766
Ala84Val,Ala,84,Val,Unknown,-1.69,Neutral,0.4528094232082371,Unknown,L2,SRR671795
Gly87Glu,Gly,87,Glu,Unknown,-6.028,Deleterious,0.49168902635574296,,,
Thr91Ala,Thr,91,Ala,Unknown,-0.5760000000000001,Neutral,0.825628697872162,,,
Thr91Ile,Thr,91,Ile,Unknown,-1.6480000000000001,Neutral,0.487622737884522,,,
Thr91Pro,Thr,91,Pro,Unknown,-1.2670000000000001,Neutral,0.974948167800903,Unknown,L4,ERR1034871
Thr91Pro,Thr,91,Pro,Unknown,-1.2670000000000001,Neutral,0.974948167800903,Unknown,L4,ERR1034884
Thr91Ala,Thr,91,Ala,Unknown,-0.5760000000000001,Neutral,0.825628697872162,,,
Thr91Ile,Thr,91,Ile,Unknown,-1.6480000000000001,Neutral,0.487622737884522,,,
Thr91Pro,Thr,91,Pro,Unknown,-1.2670000000000001,Neutral,0.974948167800903,Unknown,L4,ERR1034871
Thr91Pro,Thr,91,Pro,Unknown,-1.2670000000000001,Neutral,0.974948167800903,Unknown,L4,ERR1034884
Tyr92Asn,Tyr,92,Asn,Unknown,-5.529,Deleterious,0.26115021109581,,,
Tyr92Cys,Tyr,92,Cys,Unknown,-5.986000000000001,Deleterious,0.113542892038822,Unknown,L4,SRR1140932
Tyr92Asn,Tyr,92,Asn,Unknown,-5.529,Deleterious,0.26115021109581,,,
Tyr92Cys,Tyr,92,Cys,Unknown,-5.986000000000001,Deleterious,0.113542892038822,Unknown,L4,SRR1140932
Arg96Gly,Arg,96,Gly,Unknown,-2.633,Deleterious,0.613596975803375,Unknown,L4,06_L00103
Arg96Gly,Arg,96,Gly,Unknown,-2.633,Deleterious,0.613596975803375,Unknown,L4,07_L00102
Arg96Gly,Arg,96,Gly,Unknown,-2.633,Deleterious,0.613596975803375,Unknown,L4,ERR2513480
Arg96Gly,Arg,96,Gly,Unknown,-2.633,Deleterious,0.613596975803375,Unknown,L4,SRR6046818
Arg96Gly,Arg,96,Gly,Unknown,-2.633,Deleterious,0.613596975803375,Unknown,L4,SRR6480455
Arg96Trp,Arg,96,Trp,Unknown,-4.0889999999999995,Deleterious,0.355745196342468,Unknown,L2,SRR1184338
Pro97Leu,Pro,97,Leu,Unknown,-5.617000000000001,Deleterious,0.5467112064361571,Unknown,L4,ERR551193
Pro97Leu,Pro,97,Leu,Unknown,-5.617000000000001,Deleterious,0.5467112064361571,Unknown,L4,ERR551193
Ala99Asp,Ala,99,Asp,Unknown,-2.611,Deleterious,0.37842735648155196,,,
Phe100Leu,Phe,100,Leu,Unknown,-2.9,Deleterious,0.011445697396994,,,
Ala102Ser,Ala,102,Ser,Unknown,0.16699999999999998,Neutral,0.699119865894318,,,
Gly103Ser,Gly,103,Ser,Unknown,1.217,Neutral,0.59298586845398,,,
Arg105Cys,Arg,105,Cys,Unknown,-3.917,Deleterious,0.8364161849021908,,,
Arg105His,Arg,105,His,Unknown,-2.444,Neutral,0.48050785064697293,,,
Arg105Gly,Arg,105,Gly,Unknown,-3.3110000000000004,Deleterious,0.5971859693527221,Unknown,L2,SRR1166087
Arg107Cys,Arg,107,Cys,Unknown,-4.3,Deleterious,0.85833865404129,,,
Arg107Gly,Arg,107,Gly,Unknown,-3.2889999999999997,Deleterious,0.637264788150787,Unknown,L4,ERR1035326
Ile108Leu,Ile,108,Leu,Unknown,0.605,Neutral,0.136767581105232,,,
Ile108Val,Ile,108,Val,Unknown,-0.36700000000000005,Neutral,0.133574545383453,,,
Ala110Glu,Ala,110,Glu,Unknown,-1.156,Neutral,0.9178659319877621,,,
Ala110Ser,Ala,110,Ser,Unknown,0.099,Neutral,0.733581364154816,,,
Ala110Val,Ala,110,Val,Unknown,-0.39,Neutral,0.533036410808563,,,
Met111Leu,Met,111,Leu,Unknown,0.5,Neutral,0.018644381314516,,,
Met111Thr,Met,111,Thr,Unknown,-2.25,Neutral,0.552000880241394,,,
Leu114Pro,Leu,114,Pro,Unknown,-3.344,Deleterious,0.928437769412994,,,
Gln115Arg,Gln,115,Arg,Unknown,0.9329999999999999,Neutral,0.6648970246315,,,
Gln115Lys,Gln,115,Lys,Unknown,0.15,Neutral,0.944188833236694,,,
Asp116Ala,Asp,116,Ala,Unknown,-1.1520000000000001,Neutral,0.146002233028412,,,
Asp119Val,Asp,119,Val,Unknown,-3.4,Deleterious,0.17997308075428,,,
Val120Met,Val,120,Met,Unknown,0.769,Neutral,0.432636141777039,Unknown,L4,ERR228026
Val120Met,Val,120,Met,Unknown,0.769,Neutral,0.432636141777039,Unknown,L4,ERR228026
Leu125Arg,Leu,125,Arg,Unknown,-3.522,Deleterious,0.7611514329910279,Unknown,L2,ERR133970
Gly126Asp,Gly,126,Asp,Unknown,-0.387,Neutral,0.73350989818573,,,
Asp127Ala,Asp,127,Ala,Unknown,-3.346,Deleterious,0.38568213582038896,,,
Asp127Val,Asp,127,Val,Unknown,-3.842,Deleterious,0.16648192703723902,Unknown,L4,ERR2652986
Ala128Pro,Ala,128,Pro,Unknown,0.733,Neutral,0.984411239624023,,,
Ala128Ser,Ala,128,Ser,Unknown,0.36700000000000005,Neutral,0.902643263339996,,,
Pro129Gln,Pro,129,Gln,Unknown,-0.5670000000000001,Neutral,0.951102495193481,,,
Pro129Ser,Pro,129,Ser,Unknown,-0.11699999999999999,Neutral,0.875510573387146,Unknown,L4,ERR1465918
Pro129Thr,Pro,129,Thr,Unknown,-0.25,Neutral,0.896014928817749,,,
Pro130Arg,Pro,130,Arg,Unknown,-2.267,Neutral,0.4465591311454771,,,
Pro130Gln,Pro,130,Gln,Unknown,-1.8330000000000002,Neutral,0.951102495193481,,,
Gln131Arg,Gln,131,Arg,Unknown,-1.1420000000000001,Neutral,0.7925181984901429,,,
Gln131His,Gln,131,His,Unknown,-1.305,Neutral,0.8408468961715699,,,
Gln131Pro,Gln,131,Pro,Unknown,-1.238,Neutral,0.9940418601036071,,,
Ser133Arg,Ser,133,Arg,Unknown,0.963,Neutral,0.30260869860649103,,,
Ser133Arg,Ser,133,Arg,Unknown,0.963,Neutral,0.30260869860649103,,,
Arg134Gln,Arg,134,Gln,Unknown,0.067,Neutral,0.981736421585083,,,
Arg137Gly,Arg,137,Gly,Unknown,-3.1189999999999998,Deleterious,0.796523809432983,,,
Arg137Leu,Arg,137,Leu,Unknown,-2.779,Deleterious,0.8080397248268131,,,
Arg137Pro,Arg,137,Pro,Unknown,-3.325,Deleterious,0.9901162981987,Resistant,L2,SRR6397471
Arg140Leu,Arg,140,Leu,Unknown,-3.967,Deleterious,0.8080397248268131,,,
Arg140Trp,Arg,140,Trp,Unknown,-4.7,Deleterious,0.37825778126716597,,,
Asp141His,Asp,141,His,Unknown,-4.533,Deleterious,0.16325186192989402,Unknown,L2,SRR671784
Asn148His,Asn,148,His,Unknown,-0.7290000000000001,Neutral,0.923466801643372,,,
Asn148Lys,Asn,148,Lys,Unknown,0.46,Neutral,0.9798272848129269,,,
Asn148Tyr,Asn,148,Tyr,Unknown,-1.6980000000000002,Neutral,0.890520215034485,,,
Val149Ile,Val,149,Ile,Unknown,-0.7390000000000001,Neutral,0.024494539946318,,,
Val149Ile,Val,149,Ile,Unknown,-0.7390000000000001,Neutral,0.024494539946318,,,
Asp152Glu,Asp,152,Glu,Unknown,0.679,Neutral,0.879627645015717,,,
Asp152Val,Asp,152,Val,Unknown,-0.861,Neutral,0.11141575127839999,,,
Leu154Arg,Leu,154,Arg,INFERRED,-3.111,Deleterious,0.666725218296051,,,
Gly155Trp,Gly,155,Trp,Unknown,0.36700000000000005,Neutral,0.21344240009784698,,,
Arg156Leu,Arg,156,Leu,Unknown,-4.128,Deleterious,0.8080397248268131,,,
Arg160Leu,Arg,160,Leu,Unknown,-2.57,Deleterious,0.8080397248268131,,,
Thr161Ile,Thr,161,Ile,Unknown,-1.712,Neutral,0.432175427675247,,,
Thr161Pro,Thr,161,Pro,Unknown,-0.8320000000000001,Neutral,0.9550762176513671,,,
Thr161Ile,Thr,161,Ile,Unknown,-1.712,Neutral,0.432175427675247,,,
Thr161Pro,Thr,161,Pro,Unknown,-0.8320000000000001,Neutral,0.9550762176513671,,,
Gly162Glu,Gly,162,Glu,Unknown,0.604,Neutral,0.889979183673859,,,
